{
  "algo": "sha256",
  "leaf_count": 10,
  "root": "sha256:3803e0cac6b4c25b9f33204b93d9abed8e6bbd169d6c9b62866fc3100cbbd19d",
  "leaves": [
    {
      "index": 0,
      "hash": "sha256:f063f9e3da388342c14f9ef3f2c71c6f7a657fe5f1689f9cf120531a5629b884"
    },
    {
      "index": 1,
      "hash": "sha256:176b9e58434e8121d31477eff44a79ffad0f87d28193adc65375d3e713341539"
    },
    {
      "index": 2,
      "hash": "sha256:c676b6bb9f40171523644cfe562f6baae020bbb180c9f6fc6c45320d7b8a8e66"
    },
    {
      "index": 3,
      "hash": "sha256:59c62ca8e72b3f1185c4adf555a3bd3794667e953ab8f0420c8d5e650740c937"
    },
    {
      "index": 4,
      "hash": "sha256:b5982db5b71b9aabbb962c6ac37dcac75e3363b10e300b915a3ffec98f53cf33"
    },
    {
      "index": 5,
      "hash": "sha256:372bdbb4b7fb292bd10d753bcf1d12949505e3084f2829fa0b594c5c907e5ee4"
    },
    {
      "index": 6,
      "hash": "sha256:b039ea5519d947d2bc6a2661772d78af41f5bb953df11d302a0d13d4fdc7d620"
    },
    {
      "index": 7,
      "hash": "sha256:26dc00656077f4bec879936d804da04d54d083c77cc8ce0d5cdb2117298bbce9"
    },
    {
      "index": 8,
      "hash": "sha256:9b11743a0e83d01aa8dcdbda9e099895023e7dc759919099ea6c8c9895f0e1a9"
    },
    {
      "index": 9,
      "hash": "sha256:f8fa3e34a48b5617c1c6dd84b1926deb33aa6e89a43d6f61e9ecf55104a13ded"
    }
  ],
  "audit_paths": {
    "0": [
      {
        "position": "right",
        "hash": "176b9e58434e8121d31477eff44a79ffad0f87d28193adc65375d3e713341539"
      },
      {
        "position": "right",
        "hash": "b1732e042c41e256aa58b152a9208602c6ab34f3b4f1fec06fc4b4784c3852ea"
      },
      {
        "position": "right",
        "hash": "8c8c59c8b245219ac377766cd7e599a383c0dfe2eef4f945b1c2cf23b3c000ea"
      },
      {
        "position": "right",
        "hash": "8e696b598aabf1cc3fe7bf55f39e35c7641f1fdc7f230848d31eeec5c0cd7501"
      }
    ],
    "1": [
      {
        "position": "left",
        "hash": "f063f9e3da388342c14f9ef3f2c71c6f7a657fe5f1689f9cf120531a5629b884"
      },
      {
        "position": "right",
        "hash": "b1732e042c41e256aa58b152a9208602c6ab34f3b4f1fec06fc4b4784c3852ea"
      },
      {
        "position": "right",
        "hash": "8c8c59c8b245219ac377766cd7e599a383c0dfe2eef4f945b1c2cf23b3c000ea"
      },
      {
        "position": "right",
        "hash": "8e696b598aabf1cc3fe7bf55f39e35c7641f1fdc7f230848d31eeec5c0cd7501"
      }
    ],
    "2": [
      {
        "position": "right",
        "hash": "59c62ca8e72b3f1185c4adf555a3bd3794667e953ab8f0420c8d5e650740c937"
      },
      {
        "position": "left",
        "hash": "218c6377679e959effad54d4b92aec3ac63b60606d8ba8c8b26f9a892e47adee"
      },
      {
        "position": "right",
        "hash": "8c8c59c8b245219ac377766cd7e599a383c0dfe2eef4f945b1c2cf23b3c000ea"
      },
      {
        "position": "right",
        "hash": "8e696b598aabf1cc3fe7bf55f39e35c7641f1fdc7f230848d31eeec5c0cd7501"
      }
    ],
    "3": [
      {
        "position": "left",
        "hash": "c676b6bb9f40171523644cfe562f6baae020bbb180c9f6fc6c45320d7b8a8e66"
      },
      {
        "position": "left",
        "hash": "218c6377679e959effad54d4b92aec3ac63b60606d8ba8c8b26f9a892e47adee"
      },
      {
        "position": "right",
        "hash": "8c8c59c8b245219ac377766cd7e599a383c0dfe2eef4f945b1c2cf23b3c000ea"
      },
      {
        "position": "right",
        "hash": "8e696b598aabf1cc3fe7bf55f39e35c7641f1fdc7f230848d31eeec5c0cd7501"
      }
    ],
    "4": [
      {
        "position": "right",
        "hash": "372bdbb4b7fb292bd10d753bcf1d12949505e3084f2829fa0b594c5c907e5ee4"
      },
      {
        "position": "right",
        "hash": "1c312ce7f1e1060392001daa9f0df5db1a23425fb254ec878ab5af18731bcf7e"
      },
      {
        "position": "left",
        "hash": "e976baaaa1981f312de7258bf941315e6e2423aca888962778bd82317bda966d"
      },
      {
        "position": "right",
        "hash": "8e696b598aabf1cc3fe7bf55f39e35c7641f1fdc7f230848d31eeec5c0cd7501"
      }
    ],
    "5": [
      {
        "position": "left",
        "hash": "b5982db5b71b9aabbb962c6ac37dcac75e3363b10e300b915a3ffec98f53cf33"
      },
      {
        "position": "right",
        "hash": "1c312ce7f1e1060392001daa9f0df5db1a23425fb254ec878ab5af18731bcf7e"
      },
      {
        "position": "left",
        "hash": "e976baaaa1981f312de7258bf941315e6e2423aca888962778bd82317bda966d"
      },
      {
        "position": "right",
        "hash": "8e696b598aabf1cc3fe7bf55f39e35c7641f1fdc7f230848d31eeec5c0cd7501"
      }
    ],
    "6": [
      {
        "position": "right",
        "hash": "26dc00656077f4bec879936d804da04d54d083c77cc8ce0d5cdb2117298bbce9"
      },
      {
        "position": "left",
        "hash": "82dfdf9a47518d68849dab1937537fbada18dd6f20cc687a697a3655b244b7c0"
      },
      {
        "position": "left",
        "hash": "e976baaaa1981f312de7258bf941315e6e2423aca888962778bd82317bda966d"
      },
      {
        "position": "right",
        "hash": "8e696b598aabf1cc3fe7bf55f39e35c7641f1fdc7f230848d31eeec5c0cd7501"
      }
    ],
    "7": [
      {
        "position": "left",
        "hash": "b039ea5519d947d2bc6a2661772d78af41f5bb953df11d302a0d13d4fdc7d620"
      },
      {
        "position": "left",
        "hash": "82dfdf9a47518d68849dab1937537fbada18dd6f20cc687a697a3655b244b7c0"
      },
      {
        "position": "left",
        "hash": "e976baaaa1981f312de7258bf941315e6e2423aca888962778bd82317bda966d"
      },
      {
        "position": "right",
        "hash": "8e696b598aabf1cc3fe7bf55f39e35c7641f1fdc7f230848d31eeec5c0cd7501"
      }
    ],
    "8": [
      {
        "position": "right",
        "hash": "f8fa3e34a48b5617c1c6dd84b1926deb33aa6e89a43d6f61e9ecf55104a13ded"
      },
      {
        "position": "self-dup",
        "hash": "eb0f7e79d9ef82a2a40b85ff1dea036c393cd97fa5dc8b1750d835b33ebdfd94"
      },
      {
        "position": "self-dup",
        "hash": "6e0727ac3d2cbac8938c7ab2068ac3d40413c327b452eae195ecb71c1cc13448"
      },
      {
        "position": "left",
        "hash": "642151332a9c345bbffb4b5d4205d466e1d18be4261febecd75b366a32df1407"
      }
    ],
    "9": [
      {
        "position": "left",
        "hash": "9b11743a0e83d01aa8dcdbda9e099895023e7dc759919099ea6c8c9895f0e1a9"
      },
      {
        "position": "self-dup",
        "hash": "eb0f7e79d9ef82a2a40b85ff1dea036c393cd97fa5dc8b1750d835b33ebdfd94"
      },
      {
        "position": "self-dup",
        "hash": "6e0727ac3d2cbac8938c7ab2068ac3d40413c327b452eae195ecb71c1cc13448"
      },
      {
        "position": "left",
        "hash": "642151332a9c345bbffb4b5d4205d466e1d18be4261febecd75b366a32df1407"
      }
    ]
  },
  "source_file": "event_log.ndjson"
}